1620363370917211136,2.31482,3.19809,1.00478,0.97348,0.22225,0.05377,0.00667,2.63476,0.18497,-0.46042,
1620363371050466048,4.63262,5.40281,2.59504,0.99656,0.06147,0.05558,-0.00220,4.18951,3.06025,0.79731,
1620363371184769280,3.08043,7.80731,2.47099,0.99850,-0.00202,0.05471,0.00318,2.39069,4.85453,1.05340,
1620363371318657536,3.34158,8.14538,2.49018,0.99661,-0.02282,0.07897,0.00469,2.31339,4.55263,0.95266,
1620363371451954432,3.31395,8.89734,2.32446,0.99359,-0.04494,0.10339,0.00812,2.05213,4.58109,0.66464,
1620363371585508864,3.96202,9.17744,2.73546,0.99110,-0.06285,0.11681,0.01086,2.55815,4.41389,0.98987,
1620363371718308096,2.80968,10.19979,2.86970,0.98865,-0.07766,0.12787,0.01351,1.23982,4.73898,1.13572,
1620363371851527936,2.59660,11.12037,2.94875,0.98393,-0.10394,0.14389,0.01928,0.90881,5.05225,1.13383,
1620363371985843200,1.34607,11.78367,2.60651,0.97958,-0.14079,0.14174,0.02266,-0.39639,5.06825,0.85971,
1620363372119666688,3.89784,11.53208,4.56921,0.98020,-0.12126,0.15483,0.02316,1.86116,3.99475,1.89450,
1620363372252880128,2.67235,13.16778,3.20458,0.97671,-0.16202,0.13787,0.02798,0.58101,5.11301,0.92851,
1620363372386476800,2.61117,13.97401,3.20839,0.97572,-0.17198,0.13246,0.02911,0.40377,5.16153,0.84753,
1620363372519311616,2.54973,14.63281,3.27016,0.97533,-0.17558,0.13047,0.02977,0.23339,5.14637,0.86087,
1620363372653224192,2.23240,16.07319,3.40367,0.96446,-0.21884,0.14400,0.03440,-0.27270,5.85906,1.10167,
1620363372787106816,0.73289,14.87485,3.15323,0.96990,-0.22332,0.09352,0.02605,-1.75850,4.08791,0.84201,
1620363372921564160,0.60860,14.65511,3.47850,0.97469,-0.20249,0.09178,0.02350,-1.69803,3.22047,1.04315,
1620363373054650624,1.09984,15.72401,3.51739,0.97608,-0.19197,0.09869,0.02581,-1.07944,3.73060,0.93262,
1620363373187365376,1.71139,13.90881,3.94683,0.98057,-0.16059,0.11003,0.02431,-0.46388,1.46330,0.87254,
1620363373320455936,1.52495,16.42444,3.84929,0.97845,-0.17377,0.10799,0.02772,-0.67966,3.50072,0.91174,
1620363373454416640,1.58471,16.82840,4.02096,0.98379,-0.14418,0.10384,0.02412,-0.59850,3.34802,0.91432,
1620363373588176128,0.93325,16.31690,3.81088,0.98641,-0.13531,0.09078,0.02094,-1.11082,2.46300,0.74328,
1620363373723286272,1.27996,17.76859,4.38977,0.98347,-0.14374,0.10717,0.02515,-0.71657,3.35513,1.07015,
1620363373855393536,1.87204,16.63391,3.94312,0.98783,-0.11709,0.09968,0.02346,-0.17355,1.86823,0.52647,
1620363373988608000,1.31362,18.42739,4.52671,0.98534,-0.13243,0.10440,0.02587,-0.65997,3.19022,1.02457,
1620363374122281984,1.25910,18.86869,4.69685,0.98487,-0.13521,0.10514,0.02644,-0.65922,3.12506,0.96829,
1620363374256049664,1.34616,17.65782,4.73541,0.98462,-0.13158,0.11181,0.02642,-0.61226,1.50886,0.67357,
1620363374390224640,1.98771,18.16800,4.43271,0.98498,-0.11987,0.12116,0.02782,-0.11606,1.61155,0.41123,
1620363374523581440,0.89819,19.94446,4.98563,0.98500,-0.13668,0.10154,0.02798,-0.94904,2.97878,1.07219,
1620363374657161472,1.71361,17.49768,4.21767,0.98906,-0.10852,0.09663,0.02533,-0.26197,0.40544,0.24114,
1620363374789820928,1.10389,18.83026,4.67937,0.98726,-0.12136,0.09936,0.02665,-0.76493,1.21893,0.56607,
1620363374923498496,0.56748,20.85568,5.14070,0.98568,-0.13420,0.09797,0.02880,-1.13669,2.68106,1.00121,
1620363375057272064,0.59664,19.84657,5.90082,0.98480,-0.13632,0.10363,0.02924,-1.11619,1.44197,1.67112,
1620363375190811136,0.89750,22.27276,6.51704,0.98259,-0.15356,0.09935,0.03273,-0.55696,3.24047,2.14604,
1620363375324338176,1.09120,20.58854,5.64645,0.98700,-0.12328,0.09914,0.02850,-0.48424,1.23771,1.07149,
1620363375458594304,1.04420,21.34587,5.70667,0.98603,-0.12639,0.10433,0.02965,-0.45339,1.53092,1.02547,
1620363375591227648,-0.11133,22.60061,6.79626,0.98456,-0.14365,0.09550,0.02985,-1.36729,2.29517,1.92017,
1620363375724788736,-0.13612,23.46991,7.07500,0.98502,-0.14256,0.09239,0.02970,-1.27528,2.68083,2.00505,
1620363375858418688,-0.58005,24.23190,6.93027,0.98595,-0.13920,0.08775,0.02884,-1.54978,2.79429,1.62065,
1620363375992103936,0.28464,23.74233,6.47437,0.98829,-0.11789,0.09280,0.02788,-0.63896,1.96686,1.10685,
1620363376126495744,0.78525,21.75084,5.51866,0.98913,-0.10332,0.10082,0.02802,-0.11166,-0.15548,0.27965,
1620363376259939584,-0.72177,21.52202,5.83728,0.99084,-0.10317,0.08284,0.02693,-1.45417,-0.48650,0.59505,
1620363376392392960,-0.94137,21.19643,5.97354,0.99079,-0.10211,0.08459,0.02743,-1.55812,-0.93749,0.64041,
1620363376526654720,-1.01625,20.13275,5.47966,0.99089,-0.09804,0.08822,0.02745,-1.52011,-1.99680,0.14031,
1620363376661054976,-0.93885,19.72691,5.02811,0.99091,-0.09601,0.08986,0.02836,-1.31052,-2.36778,-0.16466,
1620363376793932800,-1.17992,19.40761,5.18422,0.99096,-0.09708,0.08812,0.02845,-1.42393,-2.57982,0.01509,
1620363376927572224,-0.65870,18.64978,5.89315,0.98937,-0.10095,0.10062,0.02880,-0.89770,-3.13543,0.55976,
1620363377060951296,-0.78016,18.21198,5.96428,0.98956,-0.10092,0.09884,0.02871,-0.91119,-3.43246,0.52387,
1620363377193590016,-0.89995,17.73903,6.03344,0.98970,-0.10017,0.09828,0.02836,-0.88970,-3.68966,0.53240,
1620363377327979776,-1.02001,17.22498,6.10618,0.98976,-0.09949,0.09846,0.02814,-0.90723,-3.97368,0.55842,
1620363377461895424,-1.14449,16.67636,6.18232,0.98993,-0.09830,0.09802,0.02775,-0.96624,-4.21659,0.58632,
1620363377594752768,-1.27525,16.09828,6.26047,0.99007,-0.09844,0.09647,0.02771,-0.99407,-4.47710,0.59125,
1620363377729275392,-1.41295,15.47629,6.33758,0.99014,-0.09889,0.09531,0.02771,-1.03831,-4.76117,0.55968,
1620363377861603840,-1.55311,14.82528,6.41020,0.99021,-0.09902,0.09432,0.02792,-1.07358,-5.06452,0.55051,
1620363377995144960,-1.69723,14.13128,6.48305,0.99024,-0.09882,0.09430,0.02783,-1.09497,-5.34064,0.55600,
1620363378129295104,-1.84700,13.39411,6.55828,0.99036,-0.09784,0.09408,0.02779,-1.13188,-5.64068,0.59346,
1620363378263433472,-2.00337,12.62077,6.64079,0.99050,-0.09727,0.09313,0.02781,-1.19940,-5.88932,0.63954,
1620363378396910080,-2.16717,11.81326,6.72801,0.99080,-0.09614,0.09113,0.02766,-1.23239,-6.20084,0.66557,
1620363378530392576,-2.33305,10.97005,6.81974,0.99089,-0.09564,0.09063,0.02778,-1.25275,-6.43739,0.68757,
1620363378663251712,-2.50429,10.09431,6.91080,0.99083,-0.09592,0.09073,0.02865,-1.33850,-6.76851,0.67521,
1620363378796894720,-2.68772,9.16981,7.00271,0.99093,-0.09459,0.09072,0.02959,-1.40427,-7.07370,0.70274,
1620363378930852608,-2.88019,8.20568,7.10157,0.99090,-0.09383,0.09157,0.03037,-1.47773,-7.34528,0.76494,
1620363379068756480,-3.09457,7.17457,7.20858,0.99092,-0.09399,0.09088,0.03144,-1.62839,-7.65292,0.78136,
1620363379198235392,-3.30572,6.16578,7.30710,0.99085,-0.09413,0.09125,0.03209,-1.64757,-7.91951,0.75860,
1620363379332573440,-3.52938,5.07297,7.41369,0.99099,-0.09077,0.09302,0.03247,-1.69698,-8.25735,0.84572,
1620363379465627136,-3.76353,3.95371,7.53248,0.99100,-0.08937,0.09404,0.03306,-1.81568,-8.54718,0.95981,
1620363379598815488,-4.01494,2.80166,7.65960,0.99095,-0.09082,0.09281,0.03400,-1.96850,-8.81078,0.94656,
1620363379731933440,-4.28052,1.60166,7.78081,0.99114,-0.08963,0.09147,0.03521,-2.03683,-9.20039,0.90176,
1620363379867510784,-4.56025,0.33576,7.90737,0.99114,-0.08830,0.09201,0.03713,-2.11451,-9.46195,0.96607,
1620363379999309568,-4.84856,-0.93053,8.03669,0.99095,-0.08910,0.09245,0.03922,-2.25729,-9.75524,0.97032,
1620363380132447232,-5.16226,-2.24950,8.16133,0.99070,-0.09095,0.09219,0.04169,-2.44419,-10.07666,0.87923,
1620363380265749760,-5.49984,-3.61962,8.27366,0.99060,-0.09158,0.09130,0.04457,-2.61183,-10.47373,0.81934,
1620363380399577600,-5.85981,-5.04143,8.38573,0.99062,-0.09083,0.09075,0.04672,-2.76294,-10.77528,0.86360,
1620363380533295616,-6.23665,-6.50494,8.50672,0.99069,-0.08983,0.09006,0.04851,-2.86443,-11.12492,0.94422,
1620363380667907584,-6.62781,-8.02327,8.64071,0.99080,-0.08757,0.09020,0.05015,-2.96104,-11.42411,1.04150,
1620363380801344512,-7.03066,-9.56607,8.78443,0.99072,-0.08767,0.08999,0.05192,-3.08332,-11.71484,1.08566,
1620363380933424384,-7.44671,-11.13583,8.92899,0.99069,-0.08755,0.08919,0.05392,-3.20685,-12.08144,1.09710,
1620363381066983168,-7.88157,-12.77456,9.08013,0.99082,-0.08434,0.08947,0.05612,-3.31721,-12.45283,1.19252,
1620363381201421824,-8.33725,-14.46578,9.24941,0.99086,-0.08189,0.08944,0.05903,-3.47148,-12.72431,1.32364,
1620363381334210304,-8.80911,-16.18119,9.42748,0.99078,-0.08127,0.08886,0.06216,-3.62656,-13.12132,1.35192,
1620363381468300800,-9.30617,-17.96526,9.61095,0.99055,-0.08117,0.08875,0.06585,-3.78048,-13.52193,1.37459,
1620363381601556480,-9.82271,-19.79530,9.79751,0.99021,-0.08089,0.08944,0.07029,-3.96547,-13.96803,1.41548,
1620363381734397696,-10.36394,-21.68121,9.98944,0.98990,-0.07947,0.09010,0.07520,-4.17545,-14.42790,1.47613,
1620363381868292608,-10.93883,-23.64256,10.19276,0.98968,-0.07754,0.09019,0.07998,-4.40090,-14.87093,1.55870,
1620363382005186048,-11.55732,-25.70619,10.41117,0.98943,-0.07665,0.08954,0.08450,-4.61817,-15.27968,1.62030,
1620363382136425216,-12.17574,-27.74114,10.62354,0.98912,-0.07618,0.08901,0.08895,-4.79698,-15.74204,1.62661,
1620363382270316032,-12.82805,-29.87817,10.84332,0.98884,-0.07383,0.08969,0.09327,-4.94840,-16.16639,1.67044,
1620363382402575872,-13.49586,-32.04089,11.07022,0.98855,-0.07223,0.08994,0.09727,-5.13091,-16.53887,1.74524,
1620363382535655936,-14.18572,-34.26917,11.30682,0.98825,-0.07055,0.09101,0.10049,-5.24509,-16.94289,1.79964,
1620363382670160384,-14.89955,-36.57128,11.55168,0.98790,-0.07004,0.09202,0.10338,-5.38018,-17.32645,1.82275,
1620363382805397504,-15.63638,-38.94604,11.80134,0.98787,-0.06747,0.09152,0.10579,-5.49864,-17.79183,1.87418,
1620363382938300672,-16.37342,-41.33438,12.05821,0.98788,-0.06459,0.09069,0.10814,-5.58504,-18.13768,1.99079,
1620363383070919936,-17.11951,-43.76459,12.32560,0.98772,-0.06398,0.09000,0.11053,-5.65364,-18.52102,2.02706,
1620363383203967232,-17.87784,-46.25683,12.59480,0.98748,-0.06335,0.08987,0.11310,-5.73730,-18.93999,2.01400,
1620363383337273088,-18.64800,-48.81034,12.86402,0.98729,-0.06187,0.08984,0.11557,-5.81342,-19.36523,2.02091,
1620363383471041536,-19.43263,-51.42731,13.13653,0.98697,-0.06112,0.09004,0.11851,-5.91496,-19.78050,2.04553,
1620363383606639616,-20.24366,-54.13943,13.41483,0.98655,-0.06056,0.08988,0.12234,-6.04333,-20.22032,2.06194,
1620363383739236352,-21.05135,-56.85122,13.68867,0.98611,-0.05968,0.09027,0.12599,-6.13590,-20.68026,2.08175,
1620363383872441344,-21.87625,-59.63419,13.96743,0.98552,-0.05865,0.09159,0.13008,-6.26010,-21.10095,2.10877,
1620363384005232640,-22.71744,-62.46696,14.24765,0.98485,-0.05897,0.09213,0.13452,-6.42527,-21.56873,2.10174,
1620363384138481152,-23.58265,-65.37515,14.52905,0.98437,-0.05790,0.09162,0.13880,-6.58512,-22.06728,2.11438,
1620363384272760832,-24.47416,-68.37280,14.81683,0.98417,-0.05608,0.08957,0.14229,-6.70238,-22.55387,2.18052,
1620363384408215040,-25.38837,-71.45920,15.11474,0.98401,-0.05447,0.08685,0.14566,-6.77787,-23.00806,2.21703,
1620363384539588096,-26.28256,-74.51155,15.40549,0.98366,-0.05346,0.08573,0.14898,-6.79315,-23.43761,2.20455,
1620363384674904576,-27.20729,-77.71473,15.70443,0.98309,-0.05187,0.08734,0.15240,-6.86027,-23.90316,2.22352,
1620363384806308608,-28.11476,-80.88849,16.00149,0.98263,-0.04802,0.08914,0.15553,-6.98925,-24.35365,2.30734,
1620363384939981824,-29.05992,-84.16180,16.31646,0.98199,-0.05017,0.08785,0.15955,-7.13400,-24.70635,2.33316,
1620363385073620480,-30.01943,-87.50838,16.61928,0.98147,-0.04840,0.08677,0.16383,-7.16777,-25.37363,2.23479,
1620363385209201664,-30.99572,-90.98058,16.93481,0.98086,-0.04049,0.08912,0.16830,-7.22651,-25.76677,2.46446,
1620363385341607168,-31.97149,-94.40361,17.27215,0.97988,-0.04520,0.08886,0.17288,-7.48754,-26.03056,2.54810,
1620363385475997696,-32.98520,-97.94601,17.59225,0.97895,-0.05002,0.08642,0.17802,-7.57415,-26.71227,2.21852,
1620363385607900672,-33.98984,-101.51178,17.87490,0.97841,-0.04576,0.08576,0.18240,-7.65658,-27.31942,2.11942,
1620363385742098688,-35.02274,-105.21123,18.17518,0.97832,-0.03934,0.08454,0.18494,-7.73081,-27.71856,2.39676,
1620363385875951872,-36.06027,-108.93906,18.50757,0.97789,-0.04190,0.08282,0.18737,-7.71518,-28.09125,2.47790,
1620363386010107904,-37.09534,-112.74865,18.82555,0.97760,-0.04111,0.08179,0.18950,-7.67814,-28.69140,2.28786,
1620363386142565120,-38.11049,-116.57783,19.12358,0.97728,-0.03815,0.08304,0.19122,-7.65158,-29.13374,2.24960,
1620363386277881600,-39.14781,-120.54716,19.43356,0.97678,-0.03737,0.08414,0.19345,-7.67191,-29.56300,2.32440,
1620363386408972544,-40.15533,-124.45377,19.73812,0.97623,-0.03717,0.08462,0.19604,-7.69508,-30.07643,2.31895,
1620363386542885120,-41.18710,-128.51720,20.04772,0.97575,-0.03423,0.08458,0.19896,-7.72135,-30.56384,2.32727,
1620363386676771328,-42.22196,-132.64189,20.36083,0.97520,-0.03332,0.08434,0.20191,-7.73353,-31.07451,2.32614,
1620363386810569472,-43.25747,-136.82845,20.67219,0.97465,-0.03360,0.08430,0.20452,-7.70511,-31.57248,2.33224,
1620363386944296192,-44.28872,-141.08785,20.98081,0.97415,-0.03001,0.08525,0.20702,-7.67453,-32.07105,2.37339,
1620363387078372864,-45.31999,-145.41896,21.29913,0.97361,-0.02843,0.08640,0.20932,-7.69154,-32.52597,2.38781,
1620363387210259712,-46.33969,-149.73962,21.60969,0.97302,-0.03000,0.08580,0.21208,-7.74812,-33.03211,2.29699,
1620363387344315904,-47.37906,-154.20728,21.90840,0.97259,-0.02877,0.08412,0.21484,-7.76958,-33.61143,2.18952,
1620363387478641152,-48.42051,-158.75243,22.20332,0.97220,-0.02728,0.08288,0.21727,-7.73863,-34.05759,2.21057,
1620363387611529984,-49.44913,-163.31052,22.49598,0.97168,-0.02680,0.08248,0.21983,-7.74062,-34.55836,2.18761,
1620363387745026304,-50.48223,-167.95789,22.78499,0.97112,-0.02541,0.08141,0.22284,-7.75262,-35.06857,2.15133,
1620363387879450368,-51.52156,-172.70789,23.07257,0.97056,-0.02333,0.08084,0.22569,-7.72645,-35.57909,2.14378,
1620363388011886848,-52.54406,-177.44993,23.35419,0.96995,-0.02244,0.08083,0.22839,-7.69833,-36.05040,2.09950,
1620363388145753600,-53.57488,-182.31203,23.63379,0.96927,-0.02091,0.08119,0.23128,-7.70990,-36.62568,2.07347,
1620363388279579136,-54.60345,-187.24594,23.91289,0.96871,-0.01762,0.08129,0.23385,-7.65485,-37.13900,2.09963,
1620363388413295872,-55.62829,-192.23282,24.19741,0.96805,-0.01781,0.08198,0.23631,-7.67439,-37.49123,2.12734,
1620363388547021824,-56.65137,-197.28853,24.47103,0.96752,-0.01723,0.08209,0.23848,-7.61949,-38.13285,1.98248,
1620363388679464960,-57.65891,-202.37059,24.73430,0.96717,-0.01279,0.08199,0.24021,-7.58372,-38.61386,2.00472,
1620363388813538304,-58.67475,-207.57030,25.00738,0.96684,-0.01328,0.08142,0.24168,-7.57164,-38.95884,2.04672,
1620363388946959616,-59.67535,-212.81078,25.26943,0.96660,-0.01272,0.08115,0.24275,-7.41873,-39.58955,1.88826,
1620363389081208832,-60.66334,-218.15470,25.52506,0.96642,-0.00902,0.08276,0.24311,-7.31540,-39.98852,1.92252,
1620363389216168448,-61.64510,-223.58281,25.78606,0.96627,-0.00853,0.08381,0.24336,-7.21703,-40.48553,1.89698,
1620363389348965376,-62.59685,-228.98801,26.03578,0.96601,-0.00790,0.08517,0.24394,-7.10623,-40.86942,1.85437,
1620363389482076160,-63.54001,-234.46218,26.27212,0.96566,-0.01065,0.08668,0.24469,-7.05319,-41.41384,1.68376,
1620363389615205376,-64.47178,-240.00842,26.48699,0.96539,-0.01034,0.08803,0.24528,-6.95844,-41.89503,1.57529,
1620363389748591104,-65.39432,-245.63419,26.69321,0.96522,-0.00864,0.08873,0.24577,-6.86310,-42.44658,1.53496,
1620363389882095360,-66.30803,-251.32819,26.90129,0.96519,-0.00822,0.08814,0.24612,-6.81558,-42.85579,1.56433,
1620363390016190208,-67.21466,-257.11005,27.10025,0.96515,-0.00862,0.08727,0.24655,-6.68952,-43.36728,1.40623,
1620363390149161728,-68.09495,-262.91274,27.28054,0.96500,-0.00673,0.08834,0.24681,-6.55401,-43.89518,1.32001,
1620363390282215424,-68.96018,-268.78366,27.45842,0.96505,-0.00492,0.08911,0.24641,-6.46679,-44.35115,1.34940,
1620363390416551680,-69.82033,-274.77251,27.63806,0.96530,-0.00461,0.08865,0.24558,-6.33558,-44.80679,1.30250,
1620363390549477888,-70.65181,-280.75997,27.80292,0.96555,-0.00540,0.08857,0.24462,-6.16566,-45.28748,1.16502,
1620363390683539712,-71.46746,-286.86256,27.95116,0.96575,-0.00547,0.08976,0.24338,-6.00311,-45.77263,1.04815,
1620363390817298176,-72.26015,-293.01760,28.08812,0.96597,-0.00439,0.09075,0.24218,-5.85126,-46.24743,1.00385,
1620363390949740288,-73.02760,-299.17136,28.21859,0.96626,-0.00489,0.09102,0.24089,-5.73966,-46.66723,0.96015,
1620363391083244032,-73.78381,-305.43333,28.33322,0.96647,-0.00715,0.09129,0.23988,-5.58128,-47.13907,0.75763,
1620363391217702912,-74.52280,-311.80772,28.42329,0.96676,-0.00766,0.09252,0.23821,-5.40605,-47.65670,0.59552,
1620363391350623744,-75.23270,-318.17399,28.49849,0.96728,-0.00702,0.09310,0.23591,-5.26930,-48.14044,0.53636,
1620363391484698368,-75.92732,-324.66056,28.56835,0.96802,-0.00543,0.09244,0.23316,-5.10164,-48.60870,0.50387,
1620363391618920192,-76.60052,-331.21193,28.63155,0.96884,-0.00590,0.09088,0.23035,-4.92126,-49.04804,0.40963,
1620363391752149504,-77.24235,-337.77535,28.67705,0.96951,-0.00598,0.09043,0.22769,-4.69977,-49.50013,0.27119,
1620363391885148672,-77.85683,-344.39239,28.70869,0.97018,-0.00425,0.09034,0.22486,-4.51694,-50.02851,0.21256,
1620363392018977280,-78.45210,-351.11375,28.73987,0.97092,-0.00192,0.08915,0.22219,-4.39230,-50.41145,0.25375,
1620363392153688320,-79.03022,-357.93307,28.76453,0.97169,-0.00367,0.08734,0.21951,-4.19224,-50.87431,0.09280,
1620363392286352384,-79.57110,-364.71875,28.76515,0.97235,-0.00180,0.08752,0.21648,-3.96554,-51.38235,-0.06052,
1620363392419062016,-80.08447,-371.56500,28.75767,0.97285,-0.00124,0.08897,0.21367,-3.78799,-51.80210,-0.07027,
1620363392552356608,-80.57669,-378.50566,28.74587,0.97333,-0.00012,0.08975,0.21110,-3.61228,-52.30736,-0.09913,
1620363392686455040,-81.05213,-385.54993,28.72816,0.97378,0.00004,0.09035,0.20877,-3.48270,-52.76795,-0.17088,
1620363392820686336,-81.51129,-392.67201,28.69721,0.97434,0.00148,0.08944,0.20654,-3.35512,-53.33065,-0.26605,
1620363392954629632,-81.95330,-399.84212,28.65945,0.97491,0.00189,0.08821,0.20435,-3.24682,-53.72357,-0.30922,
1620363393087843584,-82.37738,-407.03330,28.60626,0.97544,-0.00026,0.08691,0.20240,-3.11500,-54.24796,-0.48503,
1620363393220992512,-82.77993,-414.29355,28.53167,0.97592,0.00135,0.08697,0.20006,-2.93624,-54.80450,-0.61088,
1620363393353633536,-83.16199,-421.59134,28.45216,0.97637,0.00304,0.08702,0.19777,-2.82718,-55.23970,-0.59927,
1620363393487486208,-83.53275,-429.01647,28.36779,0.97682,0.00284,0.08639,0.19583,-2.71455,-55.72269,-0.69914,
1620363393621784320,-83.88743,-436.53503,28.26684,0.97722,0.00308,0.08625,0.19391,-2.57776,-56.26382,-0.82578,
1620363393754916864,-84.22468,-444.05682,28.15441,0.97765,0.00412,0.08584,0.19189,-2.48440,-56.76224,-0.87229,
1620363393888851456,-84.54890,-451.69029,28.03481,0.97823,0.00462,0.08493,0.18927,-2.35462,-57.22420,-0.91285,
1620363394021409280,-84.85251,-459.31052,27.90687,0.97893,0.00524,0.08381,0.18615,-2.22473,-57.73267,-1.01746,
1620363394155083008,-85.13994,-467.05776,27.76433,0.97966,0.00498,0.08234,0.18293,-2.07587,-58.19646,-1.12446,
1620363394288928768,-85.40885,-474.88244,27.60594,0.98027,0.00552,0.08098,0.18021,-1.93607,-58.73266,-1.23736,
1620363394422872832,-85.66111,-482.77636,27.43654,0.98073,0.00553,0.08050,0.17794,-1.84251,-59.14100,-1.30025,
1620363394556399360,-85.89703,-490.71231,27.25057,0.98112,0.00509,0.08067,0.17571,-1.70129,-59.71837,-1.46634,
1620363394690111744,-86.11589,-498.73340,27.05034,0.98161,0.00751,0.08119,0.17259,-1.57473,-60.22340,-1.51079,
1620363394822707968,-86.31802,-506.75067,26.85073,0.98227,0.00879,0.08094,0.16889,-1.48256,-60.71658,-1.51830,
1620363394956386048,-86.50584,-514.90187,26.64411,0.98315,0.01094,0.07883,0.16459,-1.33005,-61.16682,-1.56841,
1620363395091337216,-86.67612,-523.19194,26.42384,0.98407,0.01055,0.07652,0.16009,-1.16571,-61.71362,-1.72826,
1620363395225139200,-86.81899,-531.47718,26.18522,0.98487,0.01039,0.07575,0.15553,-0.97391,-62.11356,-1.84629,
1620363395357757440,-86.93654,-539.75250,25.92872,0.98555,0.00960,0.07584,0.15114,-0.79545,-62.68491,-2.02410,
1620363395491961088,-87.03080,-548.19686,25.65387,0.98614,0.01081,0.07683,0.14663,-0.62080,-63.13935,-2.06504,
1620363395624091392,-87.10154,-556.57608,25.37592,0.98659,0.01202,0.07815,0.14278,-0.46068,-63.67270,-2.13280,
1620363395757758976,-87.15772,-565.11943,25.08691,0.98690,0.01286,0.07929,0.13994,-0.37686,-64.16174,-2.21400,
1620363395891855872,-87.20619,-573.75839,24.78387,0.98724,0.01236,0.07937,0.13749,-0.33257,-64.72362,-2.32573,
1620363396026459136,-87.24805,-582.50643,24.46428,0.98757,0.01384,0.07931,0.13502,-0.29750,-65.23200,-2.39794,
1620363396159381504,-87.28398,-591.20929,24.14029,0.98792,0.01268,0.07888,0.13277,-0.25711,-65.73373,-2.49837,
1620363396292710400,-87.31335,-600.00829,23.79638,0.98826,0.01144,0.07872,0.13045,-0.18768,-66.24111,-2.65521,
1620363396425494784,-87.33557,-608.84423,23.43367,0.98853,0.01213,0.07903,0.12814,-0.11809,-66.85144,-2.80097,
1620363396559215104,-87.34863,-617.81633,23.05995,0.98875,0.01427,0.07993,0.12561,-0.07369,-67.34193,-2.78399,
1620363396693449984,-87.35880,-626.89208,22.68450,0.98908,0.01565,0.07933,0.12322,-0.08364,-67.85306,-2.79976,
1620363396827085056,-87.36728,-635.99243,22.29967,0.98938,0.01385,0.07833,0.12169,-0.07920,-68.40021,-2.93925,
1620363396960151552,-87.37983,-645.13954,21.89677,0.98966,0.01820,0.07564,0.12053,-0.14474,-69.00937,-3.03609,
1620363397093561600,-87.39652,-654.36038,21.49179,0.98998,0.01372,0.07367,0.11969,-0.06027,-69.46925,-3.18067,
1620363397227263744,-87.40433,-663.69422,21.05872,0.98987,0.01785,0.07550,0.11892,-0.01245,-70.09356,-3.22443,
1620363397360831232,-87.40921,-673.08948,20.63149,0.98972,0.02155,0.07821,0.11777,-0.10036,-70.54392,-3.13743,
1620363397493887744,-87.43056,-682.50775,20.20913,0.98999,0.01840,0.07656,0.11711,-0.19064,-71.10528,-3.28302,
1620363397628709120,-87.45745,-692.13589,19.75520,0.99016,0.02029,0.07525,0.11619,-0.20239,-71.69436,-3.43168,
1620363397761067776,-87.48692,-701.66259,19.29676,0.99032,0.02280,0.07409,0.11511,-0.25428,-72.20482,-3.47995,
1620363397894341376,-87.52347,-711.31452,18.83063,0.99057,0.02027,0.07268,0.11437,-0.30255,-72.69492,-3.57620,
1620363398028657152,-87.56582,-721.12571,18.33610,0.99080,0.02110,0.07099,0.11328,-0.31877,-73.34060,-3.75124,
1620363398162407168,-87.61184,-730.97006,17.83172,0.99091,0.02314,0.06979,0.11268,-0.38018,-73.85032,-3.79038,
1620363398295943680,-87.66497,-740.86153,17.31848,0.99111,0.02054,0.06854,0.11220,-0.42048,-74.34405,-3.90853,
1620363398431918848,-87.72165,-751.02103,16.77000,0.99116,0.02277,0.06841,0.11133,-0.39911,-75.06075,-4.09216,
1620363398562449664,-87.77762,-760.84027,16.23850,0.99117,0.02316,0.06942,0.11060,-0.48821,-75.46123,-4.09432,
1620363398696032000,-87.84687,-770.95833,15.68207,0.99138,0.02150,0.06814,0.10981,-0.52394,-76.07337,-4.27045,
1620363398829678592,-87.91601,-781.16166,15.10438,0.99125,0.02302,0.06990,0.10960,-0.52168,-76.64227,-4.38682,
1620363398965496320,-87.99710,-791.61330,14.51205,0.99103,0.02677,0.07066,0.11021,-0.69118,-77.25981,-4.32930,
1620363399098228224,-88.09949,-801.89302,13.93853,0.99111,0.02568,0.06855,0.11105,-0.82857,-77.64636,-4.33824,
1620363399232525312,-88.21664,-812.36825,13.33435,0.99112,0.02358,0.06742,0.11217,-0.90603,-78.34419,-4.64348,
1620363399365161984,-88.34188,-822.80079,12.71035,0.99088,0.02652,0.06822,0.11316,-0.99778,-78.96028,-4.72491,
1620363399498338560,-88.48345,-833.35050,12.08299,0.99074,0.02818,0.06839,0.11384,-1.13888,-79.42154,-4.65235,
1620363399633107712,-88.64337,-844.09655,11.44526,0.99080,0.02656,0.06734,0.11438,-1.24970,-80.07971,-4.81983,
1620363399765196288,-88.81094,-854.71741,10.79728,0.99062,0.02967,0.06729,0.11515,-1.30367,-80.69001,-4.94149,
1620363399898984704,-88.99338,-865.54768,10.13574,0.99053,0.03023,0.06767,0.11554,-1.43296,-81.19929,-4.95375,
1620363400034532864,-89.19543,-876.59420,9.45498,0.99055,0.02841,0.06683,0.11634,-1.53940,-81.80386,-5.11054,
1620363400165904640,-89.40300,-887.38790,8.77202,0.99036,0.03056,0.06675,0.11743,-1.63416,-82.49525,-5.24920,
1620363400299282176,-89.62924,-898.42024,8.07225,0.99021,0.03069,0.06706,0.11855,-1.76576,-82.96353,-5.24749,
1620363400433536000,-89.87712,-909.60399,7.35513,0.99020,0.03012,0.06591,0.11940,-1.89733,-83.58871,-5.41314,
1620363400566192640,-90.13553,-920.73632,6.62510,0.99009,0.03046,0.06580,0.12023,-1.98675,-84.26476,-5.59194,
1620363400699433216,-90.40647,-932.00464,5.87842,0.98988,0.03381,0.06628,0.12086,-2.09675,-84.84112,-5.59400,
1620363400837114112,-90.70398,-943.72747,5.10825,0.98992,0.03429,0.06531,0.12090,-2.21761,-85.47550,-5.62359,
1620363400966161920,-90.99300,-954.79616,4.37566,0.98994,0.03557,0.06451,0.12077,-2.26455,-86.03218,-5.71110,
1620363401100129280,-91.30071,-966.36084,3.59969,0.98996,0.03438,0.06468,0.12092,-2.33213,-86.64393,-5.88105,
1620363401234749440,-91.61782,-978.07093,2.79808,0.98980,0.03580,0.06565,0.12128,-2.38988,-87.33002,-6.00498,
1620363401369712896,-91.94777,-989.89661,1.98812,0.98969,0.03761,0.06580,0.12152,-2.50101,-87.91689,-5.99508,
1620363401500977152,-92.28510,-1001.47565,1.19477,0.98974,0.03738,0.06453,0.12184,-2.62008,-88.49084,-6.10939,
1620363401635751168,-92.64459,-1013.44564,0.35765,0.98985,0.03637,0.06293,0.12212,-2.71608,-89.15254,-6.31938,
1620363401767838720,-93.00696,-1025.26250,-0.48718,0.98985,0.03724,0.06213,0.12225,-2.78426,-89.75619,-6.43619,
1620363401901739008,-93.38509,-1037.32158,-1.35575,0.98988,0.03719,0.06187,0.12216,-2.83256,-90.32028,-6.53749,
1620363402036441344,-93.77422,-1049.53286,-2.24490,0.98990,0.03626,0.06223,0.12207,-2.92650,-91.01430,-6.69979,
1620363402172397312,-94.17623,-1061.94989,-3.16203,0.98974,0.03848,0.06307,0.12230,-3.00955,-91.57380,-6.76542,
1620363402302452480,-94.57490,-1073.90480,-4.04694,0.98971,0.03877,0.06270,0.12262,-3.13211,-92.29588,-6.89154,
1620363402437880576,-95.00650,-1086.44218,-4.97718,0.98966,0.04158,0.06158,0.12266,-3.23879,-92.87121,-6.89336,
1620363402569917952,-95.44266,-1098.74188,-5.89286,0.98971,0.04163,0.05971,0.12320,-3.35815,-93.43282,-6.98874,
1620363402703269888,-95.89533,-1111.24641,-6.83730,0.98968,0.04193,0.05902,0.12368,-3.42481,-94.10984,-7.17335,
1620363402837121792,-96.36142,-1123.88174,-7.80280,0.98958,0.04280,0.05921,0.12405,-3.53941,-94.70980,-7.25706,
1620363402971941120,-96.84869,-1136.68869,-8.78923,0.98959,0.04228,0.05830,0.12458,-3.66470,-95.29201,-7.38857,
1620363403104363264,-97.34047,-1149.35268,-9.77955,0.98955,0.04302,0.05769,0.12499,-3.75886,-95.99136,-7.56795,
1620363403237757440,-97.84865,-1162.19259,-10.79211,0.98949,0.04390,0.05742,0.12528,-3.85451,-96.54911,-7.63181,
1620363403370523648,-98.36878,-1175.05452,-11.81387,0.98949,0.04459,0.05647,0.12541,-3.94885,-97.19990,-7.74174,
1620363403504799232,-98.90577,-1188.14472,-12.86193,0.98943,0.04494,0.05637,0.12583,-4.05441,-97.73099,-7.83850,
1620363403638408704,-99.45473,-1201.25230,-13.92425,0.98942,0.04470,0.05606,0.12616,-4.16230,-98.47008,-8.04785,
1620363403772588288,-100.01895,-1214.50626,-15.00927,0.98928,0.04695,0.05607,0.12639,-4.26221,-99.07793,-8.09729,
1620363403905476608,-100.59298,-1227.71443,-16.09267,0.98923,0.04754,0.05575,0.12675,-4.37459,-99.72352,-8.19133,
1620363404038106624,-101.17834,-1240.98756,-17.18708,0.98906,0.05084,0.05524,0.12697,-4.46186,-100.36096,-8.27925,
1620363404171954176,-101.78370,-1254.45859,-18.30071,0.98906,0.04957,0.05505,0.12757,-4.58542,-100.96596,-8.39935,
1620363404305954816,-102.40524,-1268.03504,-19.44282,0.98904,0.04984,0.05424,0.12800,-4.68623,-101.63195,-8.61227,
1620363404439042560,-103.03435,-1281.60507,-20.59795,0.98896,0.05026,0.05461,0.12826,-4.78258,-102.28124,-8.72010,
1620363404572985344,-103.68093,-1295.34803,-21.77377,0.98883,0.05051,0.05527,0.12889,-4.89936,-102.89577,-8.78259,
1620363404707073024,-104.34572,-1309.19378,-22.96806,0.98875,0.05064,0.05481,0.12964,-5.03270,-103.61393,-8.98635,
1620363404839353344,-105.01812,-1322.94042,-24.16735,0.98869,0.05098,0.05406,0.13025,-5.13179,-104.27062,-9.14924,
1620363404973110272,-105.71359,-1336.93013,-25.39840,0.98862,0.05218,0.05345,0.13058,-5.25059,-104.91484,-9.26205,
1620363405106759168,-106.42471,-1350.99524,-26.64244,0.98870,0.05251,0.05196,0.13045,-5.38225,-105.58197,-9.37742,
1620363405240570624,-107.14999,-1365.16515,-27.90550,0.98876,0.05274,0.05076,0.13038,-5.46922,-106.23027,-9.50537,
1620363405375524608,-107.89379,-1379.54790,-29.19836,0.98870,0.05442,0.04996,0.13045,-5.56939,-106.86837,-9.63357,
1620363405507937792,-108.63570,-1393.73831,-30.48175,0.98874,0.05292,0.04988,0.13079,-5.64693,-107.51219,-9.79951,
1620363405640693248,-109.39195,-1408.06093,-31.79395,0.98861,0.05521,0.04978,0.13089,-5.73912,-108.26340,-9.94765,
1620363405776585728,-110.18209,-1422.81209,-33.14439,0.98856,0.05696,0.04902,0.13078,-5.88355,-108.85186,-9.95221,
1620363405908352000,-110.96305,-1437.19570,-34.46566,0.98867,0.05591,0.04793,0.13080,-5.97575,-109.49713,-10.12418,
1620363406042455296,-111.76795,-1451.92726,-35.83809,0.98859,0.05720,0.04815,0.13078,-6.04918,-110.20184,-10.31162,
1620363406176758528,-112.58746,-1466.77221,-37.22965,0.98850,0.05926,0.04818,0.13055,-6.16527,-110.83367,-10.37274,
1620363406309000192,-113.40787,-1481.46858,-38.61067,0.98861,0.05794,0.04845,0.13020,-6.22421,-111.47704,-10.53117,
1620363406442051328,-114.24315,-1496.34939,-40.02743,0.98848,0.05943,0.04944,0.13011,-6.31016,-112.12825,-10.71968,
1620363406576171520,-115.09971,-1511.42964,-41.47397,0.98857,0.05735,0.05042,0.13002,-6.46134,-112.81430,-10.90803,
1620363406709715712,-115.97017,-1526.54646,-42.94078,0.98848,0.06017,0.04952,0.12977,-6.58015,-113.54624,-11.01890,
1620363406843803648,-116.85946,-1541.81287,-44.42202,0.98853,0.06108,0.04843,0.12939,-6.70562,-114.18110,-11.08320,
1620363406977830400,-117.76205,-1557.16126,-45.91938,0.98862,0.06089,0.04697,0.12926,-6.76439,-114.82471,-11.25372,
1620363407109727744,-118.65975,-1572.34824,-47.41736,0.98872,0.05924,0.04741,0.12917,-6.84630,-115.54630,-11.49926,
1620363407243339264,-119.58103,-1587.83175,-48.96257,0.98852,0.06213,0.04784,0.12917,-6.95238,-116.22976,-11.57709,
1620363407377405184,-120.52206,-1603.46071,-50.51873,0.98839,0.06502,0.04732,0.12894,-7.08676,-116.91862,-11.62852,
1620363407510978048,-121.47776,-1619.11069,-52.07805,0.98867,0.06197,0.04620,0.12864,-7.20630,-117.50482,-11.78373,
1620363407644759808,-122.44624,-1634.88974,-53.67624,0.98850,0.06537,0.04559,0.12848,-7.28633,-118.28141,-12.02971,
1620363407777752576,-123.42219,-1650.66198,-55.27630,0.98833,0.06653,0.04606,0.12907,-7.39533,-118.94029,-12.10518,
1620363407910983424,-124.42034,-1666.55052,-56.89309,0.98831,0.06574,0.04513,0.12995,-7.57641,-119.60510,-12.20828,
1620363408044665600,-125.44151,-1682.59177,-58.54097,0.98818,0.06727,0.04392,0.13058,-7.70699,-120.33325,-12.41157,
1620363408178843136,-126.48593,-1698.78047,-60.21703,0.98822,0.06637,0.04317,0.13095,-7.85146,-121.00274,-12.58649,
1620363408312378880,-127.54355,-1714.98791,-61.91274,0.98818,0.06662,0.04231,0.13146,-7.98149,-121.72862,-12.77140,
1620363408445903104,-128.61795,-1731.28537,-63.62979,0.98812,0.06642,0.04196,0.13207,-8.11529,-122.40103,-12.92707,
1620363408579020544,-129.70703,-1747.62858,-65.36520,0.98811,0.06674,0.04115,0.13224,-8.21839,-123.10577,-13.11922,
1620363408712323072,-130.81314,-1764.08471,-67.12432,0.98814,0.06630,0.04082,0.13237,-8.36656,-123.87362,-13.32171,
1620363408846156544,-131.94035,-1780.70995,-68.91330,0.98796,0.06935,0.03995,0.13243,-8.47300,-124.50871,-13.36635,
1620363408981629184,-133.09767,-1797.62886,-70.73476,0.98791,0.06947,0.03951,0.13286,-8.60831,-125.29826,-13.56653,
1620363409115312128,-134.25501,-1814.42267,-72.55448,0.98784,0.06951,0.03934,0.13342,-8.70310,-125.97088,-13.67929,
1620363409250239488,-135.43905,-1831.47401,-74.41674,0.98771,0.07069,0.03928,0.13374,-8.84234,-126.72530,-13.88218,
1620363409380939520,-136.60323,-1848.08261,-76.24268,0.98767,0.07053,0.03923,0.13416,-8.97248,-127.45326,-14.07651,
1620363409515046656,-137.81525,-1865.22460,-78.14098,0.98758,0.07135,0.03864,0.13455,-9.09769,-128.17095,-14.22620,
1620363409648760064,-139.03894,-1882.41349,-80.05447,0.98758,0.07132,0.03847,0.13461,-9.18382,-128.98150,-14.42912,
1620363409782396672,-140.27434,-1899.69829,-81.98848,0.98739,0.07402,0.03871,0.13450,-9.29644,-129.71445,-14.52954,
1620363409914721536,-141.51316,-1916.90736,-83.91607,0.98747,0.07449,0.03803,0.13380,-9.42007,-130.42531,-14.64714,
1620363410048569856,-142.77989,-1934.41297,-85.88963,0.98762,0.07405,0.03705,0.13325,-9.50654,-131.13601,-14.81825,
1620363410182420480,-144.05791,-1952.02172,-87.89462,0.98766,0.07488,0.03646,0.13266,-9.57859,-131.92225,-15.09416,
1620363410315553280,-145.34014,-1969.62845,-89.91264,0.98785,0.07280,0.03662,0.13233,-9.66559,-132.68322,-15.28966,
1620363410449409024,-146.64120,-1987.43876,-91.97268,0.98776,0.07368,0.03720,0.13233,-9.75953,-133.40294,-15.42383,
1620363410583747328,-147.96260,-2005.41486,-94.06015,0.98754,0.07432,0.03811,0.13339,-9.90297,-134.24713,-15.64687,
1620363410716377856,-149.28992,-2023.26209,-96.14262,0.98750,0.07333,0.03784,0.13430,-10.09830,-134.93061,-15.81325,
1620363410850207744,-150.65476,-2041.37428,-98.27637,0.98754,0.07230,0.03573,0.13515,-10.29802,-135.79667,-16.08224,
1620363410982799104,-152.02818,-2059.42218,-100.42124,0.98752,0.07224,0.03359,0.13584,-10.43518,-136.43774,-16.20844,
1620363411116467968,-153.42868,-2077.71887,-102.60999,0.98753,0.07207,0.03218,0.13619,-10.52325,-137.32513,-16.48714,
1620363411250842624,-154.84892,-2096.21986,-104.83543,0.98738,0.07379,0.03215,0.13638,-10.61872,-138.08536,-16.61654,
1620363411384778752,-156.27869,-2114.76405,-107.07347,0.98726,0.07491,0.03268,0.13650,-10.75926,-138.81013,-16.76213,
1620363411518231040,-157.72260,-2133.34372,-109.32392,0.98726,0.07504,0.03192,0.13662,-10.88746,-139.65645,-16.98725,
1620363411650506496,-159.17536,-2151.86204,-111.57997,0.98731,0.07503,0.02916,0.13690,-11.05261,-140.34060,-17.16722,
1620363411784207872,-160.65683,-2170.68311,-113.88997,0.98728,0.07530,0.02831,0.13713,-11.09899,-141.10027,-17.36273,
1620363411917846016,-162.14890,-2189.59428,-116.22552,0.98722,0.07450,0.02987,0.13767,-11.23710,-141.87749,-17.60239,
1620363412051713792,-163.66291,-2208.64457,-118.59500,0.98712,0.07465,0.03075,0.13815,-11.40005,-142.71250,-17.81204,
1620363412186694912,-165.21113,-2227.95714,-121.00954,0.98707,0.07485,0.03041,0.13842,-11.54662,-143.44085,-17.98069,
1620363412320361728,-166.76470,-2247.18608,-123.42732,0.98704,0.07583,0.02926,0.13840,-11.69607,-144.24511,-18.18183,
1620363412451944704,-168.31122,-2266.21003,-125.82790,0.98702,0.07585,0.02829,0.13872,-11.83413,-144.91103,-18.31439,
1620363412585292288,-169.89756,-2285.58486,-128.28810,0.98711,0.07507,0.02686,0.13878,-11.95636,-145.68100,-18.58780,
1620363412719212800,-171.50466,-2305.14344,-130.79099,0.98705,0.07576,0.02715,0.13876,-12.06003,-146.40497,-18.77920,
1620363412853192448,-173.13055,-2324.80781,-133.32097,0.98710,0.07542,0.02671,0.13868,-12.21176,-147.13440,-18.97924,
1620363412987653376,-174.77970,-2344.64179,-135.88777,0.98721,0.07427,0.02619,0.13860,-12.32746,-147.88653,-19.20435,
1620363413120752128,-176.42859,-2364.37271,-138.45977,0.98738,0.07336,0.02573,0.13799,-12.44363,-148.63009,-19.44298,
1620363413253212416,-178.08409,-2384.10945,-141.04890,0.98746,0.07407,0.02536,0.13708,-12.53558,-149.37378,-19.64128,
1620363413386675200,-179.76460,-2404.09433,-143.68071,0.98751,0.07484,0.02535,0.13629,-12.64665,-150.10050,-19.78477,
1620363413520453120,-181.46332,-2424.22497,-146.33915,0.98762,0.07524,0.02500,0.13536,-12.77743,-150.84585,-19.95466,
1620363413654497024,-183.18210,-2444.49550,-149.02989,0.98783,0.07517,0.02419,0.13403,-12.87822,-151.60356,-20.18385,
1620363413789005312,-184.90541,-2464.94193,-151.75810,0.98790,0.07773,0.02421,0.13204,-12.92535,-152.38853,-20.35827,
1620363413921580288,-186.62258,-2485.19093,-154.46377,0.98805,0.07844,0.02467,0.13036,-13.00950,-153.08761,-20.46431,
1620363414054458368,-188.35952,-2505.58391,-157.19823,0.98830,0.07896,0.02320,0.12838,-13.11864,-153.84654,-20.69545,
1620363414188264960,-190.11774,-2526.22021,-159.98127,0.98865,0.07941,0.02214,0.12559,-13.16600,-154.58973,-20.90722,
1620363414322280960,-191.88879,-2546.98201,-162.79629,0.98916,0.07754,0.02067,0.12297,-13.24265,-155.26265,-21.12929,
1620363414455433728,-193.65469,-2567.70747,-165.63094,0.98965,0.07578,0.01989,0.12024,-13.28378,-156.04317,-21.43083,
1620363414589439232,-195.43440,-2588.66862,-168.51921,0.98990,0.07630,0.02086,0.11761,-13.29846,-156.77865,-21.64760,
1620363414722266880,-197.20866,-2609.54205,-171.40611,0.99020,0.07590,0.02116,0.11528,-13.41138,-157.52848,-21.82624,
1620363414855877376,-199.00725,-2630.63946,-174.33647,0.99047,0.07559,0.02070,0.11327,-13.51107,-158.27711,-22.03788,
1620363414989603584,-200.82055,-2651.85264,-177.29656,0.99076,0.07517,0.02030,0.11103,-13.60505,-159.02576,-22.24827,
1620363415123649792,-202.65045,-2673.21770,-180.29300,0.99094,0.07584,0.02004,0.10900,-13.69962,-159.75826,-22.45518,
1620363415256980224,-204.48423,-2694.56605,-183.29882,0.99117,0.07598,0.01978,0.10681,-13.82287,-160.49623,-22.63436,
1620363415390855168,-206.33844,-2716.10199,-186.34267,0.99138,0.07673,0.01939,0.10440,-13.89513,-161.21880,-22.83653,
1620363415523784192,-208.19360,-2737.58557,-189.39029,0.99157,0.07798,0.01885,0.10171,-13.98124,-161.98951,-23.02048,
1620363415657137920,-210.06536,-2759.23399,-192.46968,0.99185,0.07780,0.01906,0.09909,-14.08001,-162.67421,-23.17379,
1620363415791534080,-211.96651,-2781.15027,-195.60216,0.99214,0.07761,0.01859,0.09638,-14.20853,-163.46140,-23.44566,
1620363415925493504,-213.87714,-2803.09606,-198.75466,0.99247,0.07735,0.01712,0.09345,-14.30656,-164.17509,-23.62018,
1620363416059305984,-215.79574,-2825.11782,-201.93190,0.99271,0.07778,0.01700,0.09047,-14.37393,-164.93195,-23.83663,
1620363416192610560,-217.71741,-2847.15580,-205.12323,0.99295,0.07808,0.01738,0.08752,-14.46951,-165.72119,-24.03101,
1620363416324958720,-219.63927,-2869.13437,-208.31517,0.99313,0.07895,0.01740,0.08455,-14.61013,-166.39447,-24.18983,
1620363416458672384,-221.59719,-2891.42949,-211.56597,0.99363,0.07587,0.01696,0.08153,-14.70187,-167.13782,-24.47436,
1620363416592533504,-223.57092,-2913.85753,-214.86055,0.99375,0.07697,0.01702,0.07904,-14.80198,-167.95781,-24.72448,
1620363416726384896,-225.56305,-2936.38565,-218.17703,0.99378,0.07864,0.01674,0.07703,-14.96554,-168.67073,-24.82693,
1620363416859777536,-227.57147,-2958.93065,-221.50341,0.99413,0.07617,0.01573,0.07527,-15.13770,-169.40981,-25.07392,
1620363416993672960,-229.60643,-2981.66436,-224.88000,0.99427,0.07576,0.01572,0.07374,-15.26999,-170.21346,-25.35865,
1620363417126301440,-231.64344,-3004.28616,-228.25634,0.99428,0.07668,0.01602,0.07264,-15.46291,-170.93315,-25.53332,
1620363417259748096,-233.72142,-3027.14430,-231.67671,0.99447,0.07525,0.01542,0.07158,-15.67307,-171.67951,-25.74337,
1620363417394002176,-235.83782,-3050.24401,-235.15048,0.99458,0.07411,0.01549,0.07124,-15.84498,-172.46991,-26.00844,
1620363417528000512,-237.97433,-3073.40883,-238.65047,0.99446,0.07552,0.01674,0.07118,-16.06340,-173.28509,-26.21760,
1620363417661646592,-240.13677,-3096.61742,-242.16287,0.99438,0.07656,0.01692,0.07119,-16.32243,-174.04997,-26.35119,
1620363417795153664,-242.33433,-3119.90591,-245.69415,0.99444,0.07644,0.01492,0.07084,-16.57846,-174.78628,-26.54861,
1620363417927791360,-244.55065,-3143.13982,-249.23283,0.99472,0.07357,0.01255,0.07039,-16.83484,-175.62253,-26.86181,
1620363418061329408,-246.81263,-3166.64021,-252.83845,0.99478,0.07331,0.01036,0.07018,-17.03799,-176.36823,-27.10576,
1620363418195117824,-249.10756,-3190.28562,-256.48308,0.99494,0.07178,0.00900,0.06975,-17.26654,-177.15665,-27.39318,
1620363418329227776,-251.43754,-3214.09712,-260.16687,0.99496,0.07235,0.00774,0.06899,-17.48337,-177.96843,-27.56638,
1620363418462668032,-253.78574,-3237.89315,-263.85387,0.99497,0.07298,0.00633,0.06838,-17.73108,-178.67140,-27.69492,
1620363418595497984,-256.15591,-3261.68372,-267.54962,0.99497,0.07345,0.00391,0.06804,-17.96438,-179.45658,-27.93634,
1620363418728880640,-258.56431,-3285.67166,-271.29031,0.99506,0.07238,0.00267,0.06789,-18.15604,-180.22222,-28.17706,
1620363418863439872,-261.02472,-3309.98022,-275.09929,0.99501,0.07343,0.00165,0.06750,-18.37285,-181.05932,-28.41031,
1620363418996636416,-263.49043,-3334.14812,-278.89463,0.99491,0.07484,0.00139,0.06745,-18.68108,-181.83459,-28.55335,
1620363419130386432,-266.00441,-3358.52239,-282.72744,0.99475,0.07696,-0.00062,0.06741,-18.94135,-182.62255,-28.74012,
1620363419264277504,-268.55724,-3383.01948,-286.58548,0.99484,0.07586,-0.00273,0.06738,-19.17545,-183.33977,-28.93545,
1620363419397270272,-271.12428,-3407.45313,-290.45198,0.99487,0.07515,-0.00411,0.06766,-19.41355,-184.12302,-29.19954,
1620363419530864896,-273.73525,-3432.10275,-294.36835,0.99475,0.07612,-0.00456,0.06821,-19.66405,-184.90777,-29.40820,
1620363419665015808,-276.39239,-3456.95771,-298.32345,0.99466,0.07674,-0.00472,0.06879,-19.94125,-185.70505,-29.57755,
1620363419798678272,-279.07618,-3481.82811,-302.28947,0.99449,0.07807,-0.00477,0.06976,-20.23305,-186.46271,-29.76140,
1620363419931921920,-281.78995,-3506.72350,-306.26739,0.99433,0.07925,-0.00508,0.07074,-20.51950,-187.23054,-29.95071,
1620363420065281536,-284.54622,-3531.74045,-310.27471,0.99429,0.07877,-0.00593,0.07178,-20.80717,-188.01405,-30.16741,
1620363420199137536,-287.34981,-3556.96006,-314.32898,0.99401,0.08094,-0.00597,0.07318,-21.09558,-188.78276,-30.35196,
1620363420332213760,-290.17805,-3582.13092,-318.38261,0.99400,0.07987,-0.00668,0.07445,-21.40572,-189.53400,-30.57175,
1620363420465879552,-293.06183,-3607.51788,-322.48619,0.99388,0.07997,-0.00836,0.07574,-21.72672,-190.35363,-30.83324,
1620363420599660288,-295.99068,-3633.02867,-326.62434,0.99375,0.07999,-0.01098,0.07714,-22.07221,-191.08954,-31.03968,
1620363420732957952,-298.95086,-3658.55527,-330.77769,0.99344,0.08205,-0.01427,0.07833,-22.35942,-191.96688,-31.26040,
1620363420865808896,-301.93326,-3684.10759,-334.93590,0.99291,0.08663,-0.01461,0.08003,-22.62968,-192.64415,-31.28171,
1620363420999408128,-304.97579,-3709.89041,-339.12646,0.99312,0.08269,-0.01570,0.08147,-22.99703,-193.35572,-31.53803,
1620363421132946432,-308.06063,-3735.77190,-343.36544,0.99305,0.08168,-0.01869,0.08259,-23.24001,-194.22472,-31.98062,
1620363421267386368,-311.19876,-3761.94390,-347.67769,0.99261,0.08521,-0.01920,0.08418,-23.48550,-195.00078,-32.16401,
1620363421401412608,-314.36582,-3788.13842,-351.99418,0.99243,0.08581,-0.01906,0.08578,-23.78942,-195.79467,-32.27118,
1620363421535206400,-317.57437,-3814.39996,-356.32693,0.99214,0.08734,-0.02176,0.08690,-24.10129,-196.72186,-32.52940,
1620363421667241216,-320.77778,-3840.42857,-360.63096,0.99167,0.09047,-0.02330,0.08864,-24.39223,-197.49701,-32.69108,
1620363421800532224,-324.04683,-3866.80673,-364.99932,0.99146,0.09024,-0.02298,0.09131,-24.71136,-198.28011,-32.87068,
1620363421934356736,-327.37137,-3893.39879,-369.42114,0.99132,0.08935,-0.02264,0.09377,-24.98719,-199.17133,-33.21062,
1620363422068735232,-330.75370,-3920.21845,-373.90084,0.99091,0.09082,-0.02256,0.09662,-25.28205,-200.02761,-33.42448,
1620363422202225664,-334.15541,-3946.97644,-378.37811,0.99041,0.09344,-0.02191,0.09934,-25.68405,-200.81754,-33.60313,
1620363422336555520,-337.62640,-3974.00313,-382.90612,0.99045,0.09019,-0.02225,0.10192,-26.00744,-201.58068,-33.87642,
1620363422468892416,-341.08828,-4000.74655,-387.41643,0.99012,0.09063,-0.02319,0.10450,-26.27994,-202.53275,-34.24766,
1620363422602082048,-344.61075,-4027.78142,-391.99331,0.98953,0.09378,-0.02329,0.10724,-26.59522,-203.39391,-34.44230,
1620363422736305408,-348.20748,-4055.13620,-396.62541,0.98929,0.09340,-0.02483,0.10939,-26.94237,-204.26552,-34.63611,
1620363422869330176,-351.81312,-4082.36030,-401.24960,0.98909,0.09235,-0.02632,0.11173,-27.23210,-205.09742,-34.90474,
1620363423004368128,-355.51015,-4110.11783,-405.98630,0.98866,0.09358,-0.02689,0.11431,-27.53695,-205.98494,-35.20390,
1620363423137731072,-359.20072,-4137.64746,-410.69505,0.98817,0.09475,-0.02699,0.11755,-27.83377,-206.83229,-35.40556,
1620363423269977344,-362.90521,-4165.06794,-415.39317,0.98751,0.09713,-0.02821,0.12080,-28.20777,-207.81211,-35.64669,
1620363423403190016,-366.68239,-4192.79873,-420.15367,0.98726,0.09529,-0.02956,0.12395,-28.51807,-208.48331,-35.79467,
1620363423537312256,-370.52459,-4220.83278,-424.99469,0.98709,0.09166,-0.03019,0.12780,-28.73685,-209.57870,-36.36399,
1620363423671432704,-374.40316,-4249.00663,-429.88878,0.98612,0.09643,-0.02953,0.13190,-29.05929,-210.58452,-36.55647,
1620363423804572672,-378.30239,-4277.08868,-434.76191,0.98564,0.09678,-0.02993,0.13511,-29.51833,-211.36607,-36.64937,
1620363423938029824,-382.25873,-4305.36056,-439.67986,0.98521,0.09585,-0.03267,0.13823,-29.77986,-212.32264,-37.03030,
1620363424071333632,-386.24354,-4333.72807,-444.63894,0.98445,0.09840,-0.03326,0.14165,-30.03799,-213.28422,-37.36423,
1620363424204649216,-390.26930,-4362.22275,-449.63269,0.98366,0.10091,-0.03442,0.14507,-30.38411,-214.14171,-37.53308,
1620363424339220992,-394.37669,-4391.10069,-454.70015,0.98346,0.09796,-0.03603,0.14801,-30.69137,-215.06130,-37.84539,
1620363424472347136,-398.47561,-4419.80437,-459.76201,0.98255,0.10032,-0.03744,0.15208,-30.88169,-216.11349,-38.18798,
1620363424606360832,-376.22110,-4449.86139,-462.56295,0.98497,0.08004,0.01611,0.15222,-10.90285,-217.71046,-36.40449,
1620363424739390976,-377.69272,-4478.88107,-467.42523,0.98439,0.07865,0.01559,0.15665,-11.17605,-218.67976,-36.70392,
1620363424872463104,-379.19440,-4508.04179,-472.33063,0.98357,0.08040,0.01402,0.16104,-11.39630,-219.58787,-36.97504,
1620363425006186752,-380.73197,-4537.47099,-477.29063,0.98275,0.08158,0.01263,0.16549,-11.62780,-220.57855,-37.21625,
1620363425140456448,-382.14366,-4567.15470,-482.28194,0.98183,0.08323,0.01296,0.17007,-11.54882,-221.53985,-37.38177,
1620363425275144704,-383.72104,-4597.05524,-487.33251,0.98090,0.08441,0.01329,0.17472,-11.75481,-222.43176,-37.55482,
1620363425407563520,-385.30195,-4626.56851,-492.33170,0.98040,0.08171,0.01220,0.17885,-12.01159,-223.42916,-37.95052,
1620363425540247808,-386.90983,-4656.28077,-497.38958,0.97938,0.08553,0.00980,0.18275,-12.16711,-224.44609,-38.22594,
1620363425673754880,-388.54654,-4686.30448,-502.50190,0.97828,0.08918,0.00908,0.18689,-12.29384,-225.28934,-38.32118,
1620363425807804928,-390.21423,-4716.56976,-507.65423,0.97761,0.08804,0.00733,0.19097,-12.49644,-226.22387,-38.54559,
1620363425942831872,-391.90768,-4747.18310,-512.88864,0.97680,0.08725,0.00773,0.19542,-12.63003,-227.21456,-38.96367,
1620363426074791168,-393.58740,-4777.23826,-518.04842,0.97565,0.09103,0.00512,0.19949,-12.77670,-228.15060,-39.19621,
1620363426209063936,-395.31666,-4807.94342,-523.32010,0.97480,0.09276,0.00357,0.20286,-12.95975,-229.02295,-39.34839,
1620363426341545216,-397.04130,-4838.34784,-528.55253,0.97457,0.08801,0.00170,0.20606,-13.02785,-229.97708,-39.73650,
1620363426475141888,-398.78650,-4869.14797,-533.88941,0.97349,0.09173,0.00180,0.20953,-13.09726,-231.06751,-40.14305,
1620363426609164288,-400.55593,-4900.17112,-539.26957,0.97256,0.09471,0.00022,0.21249,-13.36996,-231.96654,-40.19003,
1620363426744215552,-402.35925,-4931.55395,-544.70830,0.97199,0.09398,-0.00255,0.21542,-13.42009,-232.83339,-40.30667,
1620363426876193536,-404.12584,-4962.34126,-550.06296,0.97126,0.09336,-0.00251,0.21894,-13.36360,-233.66676,-40.79756,
1620363427010000896,-405.92621,-4993.67813,-555.54424,0.97060,0.09166,-0.00226,0.22255,-13.50925,-234.66218,-41.19263,
1620363427142836224,-407.72252,-5024.92752,-561.03061,0.96945,0.09724,-0.00125,0.22518,-13.59913,-235.71199,-41.36141,
1620363427276372992,-409.54452,-5056.46290,-566.55498,0.96896,0.09751,-0.00240,0.22716,-13.71880,-236.61892,-41.44040,
1620363427410401792,-411.38424,-5088.23793,-572.13294,0.96863,0.09690,-0.00477,0.22879,-13.76629,-237.56661,-41.80905,
1620363427544268288,-413.22415,-5120.10086,-577.75652,0.96808,0.09896,-0.00633,0.23019,-13.75979,-238.46814,-42.14515,
1620363427677981696,-415.06031,-5152.04546,-583.40856,0.96763,0.10078,-0.00617,0.23128,-13.74563,-239.38424,-42.38484,
1620363427811287040,-416.89702,-5184.00790,-589.06854,0.96746,0.09966,-0.00690,0.23245,-13.78785,-240.21541,-42.60785,
1620363427944275456,-418.73502,-5216.01486,-594.75694,0.96728,0.09987,-0.00840,0.23308,-13.79408,-241.17573,-42.98005,
1620363428078926592,-420.59086,-5248.54938,-600.56200,0.96659,0.10322,-0.00784,0.23448,-13.75281,-242.08672,-43.23642,
1620363428211823616,-422.42718,-5280.77842,-606.31683,0.96616,0.10448,-0.00815,0.23569,-13.81053,-242.89322,-43.35320,
1620363428346050816,-424.28531,-5313.44738,-612.16046,0.96611,0.10286,-0.00894,0.23659,-13.83976,-243.88538,-43.72047,
1620363428479478272,-426.13122,-5346.04850,-618.01804,0.96574,0.10382,-0.00923,0.23767,-13.82666,-244.80727,-44.05024,
1620363428612284160,-427.96847,-5378.61823,-623.88831,0.96549,0.10423,-0.00953,0.23846,-13.81632,-245.73131,-44.34109,
1620363428745986816,-429.81388,-5411.53268,-629.83582,0.96526,0.10558,-0.00914,0.23885,-13.77555,-246.65740,-44.61155,
1620363428879305728,-431.64771,-5444.47788,-635.79992,0.96495,0.10725,-0.00777,0.23940,-13.76546,-247.57274,-44.85074,
1620363429013467904,-433.49754,-5477.74854,-641.83482,0.96514,0.10464,-0.00876,0.23974,-13.72460,-248.47085,-45.19565,
1620363429147193856,-435.33293,-5511.04188,-647.90320,0.96500,0.10537,-0.00870,0.24000,-13.69284,-249.41418,-45.52790,
1620363429280574464,-437.15628,-5544.37457,-653.99521,0.96466,0.10701,-0.00742,0.24068,-13.65362,-250.36872,-45.79879,
1620363429413577728,-438.97238,-5577.73774,-660.10094,0.96450,0.10713,-0.00644,0.24128,-13.63186,-251.34140,-46.02476,
1620363429547776000,-440.80087,-5611.53442,-666.29861,0.96401,0.10958,-0.00594,0.24217,-13.62631,-252.34797,-46.33034,
1620363429682839808,-442.64211,-5645.67974,-672.57193,0.96352,0.11106,-0.00623,0.24341,-13.63452,-253.23063,-46.57143,
1620363429814612224,-444.43946,-5679.11497,-678.73138,0.96341,0.10975,-0.00703,0.24442,-13.65907,-254.18965,-46.90160,
1620363429948198912,-446.25292,-5713.14443,-685.02452,0.96301,0.11086,-0.00617,0.24551,-13.56629,-255.21800,-47.25060,
1620363430082289920,-448.06411,-5747.43422,-691.37787,0.96247,0.11232,-0.00356,0.24703,-13.49297,-256.16200,-47.49025,
1620363430215174144,-449.85957,-5781.54483,-697.70783,0.96233,0.11175,-0.00273,0.24784,-13.48614,-257.16171,-47.79436,
1620363430348893696,-451.66440,-5816.00114,-704.12249,0.96224,0.11109,-0.00309,0.24850,-13.47114,-258.18830,-48.16100,
1620363430482858752,-453.46419,-5850.65750,-710.59676,0.96184,0.11304,-0.00296,0.24915,-13.40855,-259.13384,-48.48853,
1620363430616440064,-455.24994,-5885.34155,-717.08741,0.96189,0.11241,-0.00199,0.24927,-13.31338,-260.09598,-48.73243,
1620363430749802496,-457.02048,-5920.10381,-723.60913,0.96168,0.11395,-0.00082,0.24936,-13.25845,-261.15309,-49.05614,
1620363430882828288,-454.05554,-5955.10172,-729.88257,0.96164,0.11497,0.00549,0.24898,-9.57051,-262.27261,-49.16840,
1620363431015997440,-406.15714,-5988.14611,-734.26443,0.95990,0.12944,0.05790,0.24185,27.95924,-261.91491,-48.02518,
1620363431149818368,-398.56393,-6022.65006,-738.61008,0.95928,0.12883,0.07698,0.23929,31.28017,-262.29445,-46.66520,
1620363431284292864,-450.09773,-6060.20287,-742.22672,0.95895,0.13399,0.00956,0.24974,-10.79467,-265.01750,-44.92741,
1620363431417800448,-466.36777,-6093.09114,-749.02954,0.96066,0.12013,-0.01712,0.24981,-22.08029,-264.06712,-45.79951,
1620363431551196928,-469.30636,-6128.38976,-755.16154,0.96015,0.12648,-0.01529,0.24874,-22.04292,-265.04516,-46.08812,
1620363431684088320,-472.22873,-6163.67359,-761.29371,0.96031,0.12789,-0.01402,0.24751,-21.98507,-265.93134,-46.21771,
1620363431817243136,-479.97406,-6197.70680,-767.52282,0.96097,0.12425,-0.02045,0.24634,-25.58966,-265.81968,-46.60279,
1620363431951260160,-483.40198,-6233.39442,-773.79080,0.96099,0.12679,-0.01833,0.24514,-25.53986,-266.80290,-46.91680,
1620363432085150464,-488.53296,-6268.20687,-779.93344,0.96077,0.13035,-0.01932,0.24405,-26.84667,-266.98329,-46.97502,
1620363432218839040,-492.12810,-6303.95555,-786.22815,0.96120,0.13158,-0.01913,0.24169,-26.87853,-267.85519,-47.18795,
1620363432352471296,-496.35490,-6339.06530,-792.32473,0.96190,0.13112,-0.02006,0.23905,-27.33652,-268.17648,-47.33290,
1620363432484970496,-499.97237,-6374.65849,-798.61818,0.96233,0.13324,-0.02007,0.23613,-27.28903,-269.03657,-47.65330,
1620363432618448640,-503.60838,-6410.63509,-804.99529,0.96259,0.13654,-0.01942,0.23326,-27.21957,-269.94289,-47.90909,
1620363432752318208,-507.24664,-6446.83559,-811.42174,0.96311,0.13840,-0.01845,0.23005,-27.14970,-270.86959,-48.11403,
1620363432886341888,-452.68568,-6482.97569,-815.98030,0.96591,0.13237,0.04986,0.21680,17.11557,-271.63257,-47.03861,
1620363433020186624,-439.31522,-6518.09168,-820.86463,0.96591,0.12824,0.07927,0.21044,25.86763,-271.35370,-46.15599,
1620363433154404608,-435.82615,-6554.56589,-827.07532,0.96643,0.12806,0.07956,0.20805,26.09176,-272.22704,-46.45561,
1620363433286581504,-459.14641,-6592.02070,-832.07905,0.96700,0.13280,0.05401,0.21064,6.01841,-274.19981,-45.82242,
1620363433419729664,-437.96698,-6625.97078,-836.40695,0.96795,0.12916,0.06592,0.20505,21.54421,-273.08456,-44.69580,
1620363433554276352,-478.34641,-6663.39632,-842.08937,0.96684,0.14413,0.02136,0.20975,-11.00755,-274.47784,-44.71185,
1620363433687699968,-431.80411,-6696.98034,-847.35680,0.97082,0.11769,0.06746,0.19773,25.39680,-272.95618,-44.47922,
1620363433821371392,-436.08286,-6733.98520,-852.73548,0.97064,0.12240,0.07099,0.19449,19.92901,-274.22526,-44.28476,
1620363433955192576,-433.40416,-6770.73650,-858.66704,0.97085,0.12600,0.07161,0.19093,20.09840,-275.04017,-44.40274,
1620363434087499264,-472.09280,-6807.75955,-864.42788,0.96898,0.14836,0.02291,0.19631,-11.11095,-276.39476,-44.61846,
1620363434221250304,-473.56778,-6844.79443,-870.42747,0.96946,0.14881,0.02338,0.19355,-10.95993,-277.36334,-45.07201,
1620363434354868224,-455.19944,-6880.85486,-876.08658,0.97322,0.12770,0.04152,0.18658,4.01766,-277.35645,-44.98586,
1620363434489205760,-454.65212,-6918.17142,-882.14585,0.97376,0.12812,0.04162,0.18341,4.08835,-278.18505,-45.24603,
1620363434622686464,-454.09760,-6955.36472,-888.20503,0.97448,0.12695,0.04121,0.18046,4.19501,-279.08583,-45.61439,
1620363434756374528,-453.52962,-6992.73698,-894.32302,0.97472,0.12879,0.04111,0.17789,4.29218,-279.98121,-45.92221,
1620363434889055488,-452.95272,-7029.94154,-900.43281,0.97495,0.13011,0.04180,0.17549,4.38588,-280.82895,-46.18244,
1620363435022730240,-452.36135,-7067.54079,-906.62566,0.97527,0.13004,0.04246,0.17360,4.47477,-281.72199,-46.49344,
1620363435156899840,-451.76120,-7105.40262,-912.88400,0.97517,0.13174,0.04335,0.17265,4.49074,-282.64480,-46.79031,
1620363435290057984,-451.16815,-7143.09660,-919.13071,0.97528,0.13193,0.04258,0.17206,4.46101,-283.50022,-47.06965,
1620363435423894016,-450.57387,-7181.10189,-925.45190,0.97535,0.13186,0.04228,0.17179,4.45297,-284.45147,-47.45039,
1620363435556956416,-449.98135,-7219.01034,-931.78210,0.97514,0.13306,0.04293,0.17191,4.44248,-285.34463,-47.67968,
1620363435690456320,-449.39153,-7257.16160,-938.16843,0.97514,0.13311,0.04308,0.17182,4.41079,-286.24036,-48.00685,
1620363435824804096,-448.80316,-7295.67352,-944.63647,0.97516,0.13207,0.04320,0.17251,4.37576,-287.14761,-48.33080,
1620363435959999488,-448.21557,-7334.55668,-951.19426,0.97486,0.13407,0.04305,0.17270,4.34328,-288.09553,-48.64319,
1620363436091748096,-447.64763,-7372.56889,-957.61918,0.97464,0.13555,0.04273,0.17282,4.28215,-288.95230,-48.88953,
1620363436224859648,-447.08098,-7411.09377,-964.14512,0.97467,0.13595,0.04164,0.17266,4.24878,-289.81159,-49.18936,
1620363436358270464,-446.51606,-7449.82377,-970.72685,0.97468,0.13584,0.04126,0.17275,4.19844,-290.69538,-49.51877,
1620363436491639552,-445.95466,-7488.66087,-977.35088,0.97466,0.13592,0.04087,0.17291,4.19267,-291.63869,-49.83970,
1620363436625604608,-445.39559,-7527.79131,-984.04736,0.97464,0.13615,0.04071,0.17287,4.16148,-292.52356,-50.14498,
1620363436762556672,-444.82718,-7567.91215,-990.93585,0.97478,0.13417,0.04181,0.17338,4.08244,-293.45956,-50.48886,
1620363436892614656,-444.29151,-7606.13598,-997.52747,0.97449,0.13552,0.04250,0.17380,4.12187,-294.40531,-50.88310,
1620363437026863104,-443.74396,-7645.71892,-1004.36857,0.97389,0.13817,0.04334,0.17486,4.07676,-295.29069,-51.02226,
1620363437159395328,-443.21540,-7684.91468,-1011.14912,0.97383,0.13792,0.04287,0.17549,3.93004,-296.18548,-51.26847,
1620363437293322240,-442.69166,-7724.64460,-1018.04824,0.97405,0.13717,0.04111,0.17527,3.90397,-297.14475,-51.71714,
1620363437426990336,-442.16804,-7764.42456,-1024.98976,0.97383,0.13903,0.04074,0.17511,3.88262,-298.01868,-52.05295,
1620363437562738176,-441.64039,-7804.94709,-1032.07589,0.97378,0.13962,0.03987,0.17515,3.87773,-299.03316,-52.37019,
1620363437694409472,-441.13294,-7844.37763,-1038.98579,0.97370,0.14078,0.03836,0.17500,3.86212,-299.92457,-52.62763,
1620363437828097280,-440.61686,-7884.53383,-1046.04078,0.97349,0.14186,0.03864,0.17519,3.83313,-300.75436,-52.90185,
1620363437960983808,-440.10545,-7924.55868,-1053.09789,0.97376,0.13870,0.04044,0.17581,3.80399,-301.66104,-53.32771,
1620363438094178560,-439.59978,-7964.80757,-1060.23169,0.97333,0.14118,0.04061,0.17620,3.75981,-302.69769,-53.75710,
1620363438229557760,-439.09077,-8005.84812,-1067.51648,0.97287,0.14436,0.04079,0.17613,3.73090,-303.59876,-53.88355,
1620363438363418368,-438.59738,-8046.54861,-1074.74596,0.97307,0.14378,0.03887,0.17595,3.68257,-304.50603,-54.17897,
1620363438496032768,-438.11000,-8086.99411,-1081.96140,0.97298,0.14425,0.03858,0.17613,3.67538,-305.47884,-54.61868,
1620363438629332736,-437.62280,-8127.77385,-1089.26288,0.97274,0.14585,0.03818,0.17622,3.60796,-306.37366,-54.90662,
1620363438761907456,-437.14630,-8168.45823,-1096.56132,0.97281,0.14674,0.03617,0.17550,3.57812,-307.35663,-55.19862,
1620363438896173312,-436.66439,-8209.79053,-1103.99186,0.97292,0.14774,0.03421,0.17443,3.60470,-308.24353,-55.48795,
1620363439029742592,-436.18525,-8251.02269,-1111.42881,0.97353,0.14461,0.03283,0.17392,3.61831,-309.16933,-55.96683,
1620363439164038656,-435.69596,-8292.60724,-1118.97423,0.97348,0.14464,0.03453,0.17388,3.69080,-310.13160,-56.41676,
1620363439297373952,-435.20613,-8334.02757,-1126.51519,0.97283,0.14736,0.03741,0.17461,3.64269,-311.15274,-56.64891,
1620363439431105536,-434.72797,-8375.70300,-1134.10653,0.97264,0.14835,0.03655,0.17501,3.49648,-312.10286,-56.87606,
1620363439564607232,-434.26044,-8417.43203,-1141.72745,0.97289,0.14650,0.03549,0.17539,3.46395,-313.05736,-57.30974,
1620363439697337088,-433.79753,-8459.04812,-1149.36622,0.97259,0.14764,0.03565,0.17608,3.48640,-314.04560,-57.75616,
1620363439832129536,-433.32798,-8501.44507,-1157.17295,0.97194,0.15071,0.03730,0.17671,3.44072,-315.02219,-58.02116,
1620363439964555008,-432.87516,-8543.22684,-1164.87072,0.97167,0.15214,0.03716,0.17702,3.33332,-315.93672,-58.24369,
1620363440098241536,-432.42817,-8585.52933,-1172.67960,0.97211,0.14943,0.03556,0.17720,3.33594,-316.88956,-58.66078,
1620363440231984128,-431.98199,-8627.98222,-1180.55578,0.97178,0.15121,0.03529,0.17758,3.35077,-317.90832,-59.10231,
1620363440365231872,-431.54136,-8670.40730,-1188.44906,0.97138,0.15353,0.03541,0.17776,3.34205,-318.88338,-59.35053,
1620363440498901504,-431.10266,-8713.09437,-1196.40104,0.97137,0.15341,0.03577,0.17784,3.28041,-319.83420,-59.59444,
1620363440633334528,-430.66778,-8756.15465,-1204.44178,0.97140,0.15337,0.03482,0.17787,3.23439,-320.77514,-60.03139,
1620363440765771776,-430.24634,-8798.70248,-1212.42219,0.97143,0.15361,0.03341,0.17780,3.21905,-321.73916,-60.49488,
1620363440899290624,-429.81918,-8841.72431,-1220.52143,0.97117,0.15432,0.03459,0.17836,3.17360,-322.66687,-60.84649,
1620363441033617664,-429.39667,-8885.13436,-1228.71226,0.97116,0.15335,0.03489,0.17920,3.04638,-323.72088,-61.18183,
1620363441166501888,-428.97914,-8928.22240,-1236.86665,0.97032,0.15747,0.03574,0.18002,3.17740,-324.71079,-61.45430,
1620363441300049152,-428.56806,-8971.64502,-1245.09226,0.97079,0.15372,0.03587,0.18071,3.06957,-325.63933,-61.82225,
1620363441434370304,-428.16031,-9015.46460,-1253.43613,0.97051,0.15540,0.03429,0.18107,3.09148,-326.78730,-62.35474,
1620363441569034240,-427.74985,-9059.53459,-1261.84950,0.97017,0.15749,0.03501,0.18093,3.04554,-327.80923,-62.59352,
1620363441700179968,-427.35692,-9102.58608,-1270.08089,0.97019,0.15825,0.03323,0.18050,2.97406,-328.75507,-62.86320,
1620363441834089216,-426.95596,-9146.67873,-1278.53471,0.97037,0.15832,0.03178,0.17974,2.98175,-329.75719,-63.32680,
1620363441967668992,-426.55120,-9190.79868,-1287.02161,0.97010,0.16044,0.03157,0.17937,3.02226,-330.81700,-63.72780,
1620363442102043648,-426.14175,-9235.31199,-1295.60589,0.97002,0.16117,0.03207,0.17905,3.03929,-331.71572,-64.01949,
1620363442236641792,-425.73285,-9280.03292,-1304.25352,0.96994,0.16155,0.03219,0.17911,3.03416,-332.74072,-64.44042,
1620363442369199616,-425.33017,-9324.21228,-1312.82216,0.96945,0.16364,0.03270,0.17975,3.03916,-333.78995,-64.80242,
1620363442501602048,-424.93378,-9368.46694,-1321.42019,0.96943,0.16324,0.03269,0.18024,2.97527,-334.77023,-65.14567,
1620363442635143168,-424.54186,-9413.23894,-1330.14586,0.96931,0.16437,0.03111,0.18012,2.89151,-335.79450,-65.53254,
1620363442769322496,-424.14776,-9458.35722,-1338.96319,0.96923,0.16529,0.03094,0.17976,2.87969,-336.67719,-65.86304,
1620363442903229184,-423.75642,-9503.51785,-1347.81252,0.96923,0.16544,0.03052,0.17971,2.94566,-337.71937,-66.27481,
1620363443037824768,-423.36290,-9549.04918,-1356.75702,0.96905,0.16694,0.03050,0.17931,2.93864,-338.74637,-66.62767,
1620363443171245568,-422.97539,-9594.31047,-1365.67202,0.96926,0.16593,0.03023,0.17914,2.88890,-339.73334,-67.02926,
1620363443302848768,-422.59102,-9639.08945,-1374.52437,0.96895,0.16746,0.03127,0.17918,2.90737,-340.77172,-67.43131,
1620363443436416512,-422.20642,-9684.67195,-1383.55518,0.96874,0.16924,0.03074,0.17875,2.85711,-341.77500,-67.77546,
1620363443572256768,-421.81733,-9731.17063,-1392.78454,0.96857,0.17090,0.03011,0.17819,2.83636,-342.80919,-68.10046,
1620363443704704768,-421.43450,-9776.63739,-1401.83066,0.96875,0.17062,0.03056,0.17740,2.85283,-343.76904,-68.51699,
1620363443838576640,-421.04406,-9822.72266,-1411.03086,0.96891,0.17051,0.03184,0.17645,2.92590,-344.74915,-68.96029,
1620363443973193728,-420.64777,-9869.20502,-1420.33923,0.96870,0.17273,0.03269,0.17526,2.96174,-345.80788,-69.30687,
1620363444104211456,-420.26170,-9914.57720,-1429.43937,0.96862,0.17432,0.03295,0.17405,2.91924,-346.74465,-69.59007,
1620363444237915136,-419.86664,-9961.00624,-1438.77151,0.96910,0.17334,0.03300,0.17237,2.99302,-347.76060,-70.06349,
1620363444373507072,-419.45472,-10008.22984,-1448.29960,0.96898,0.17486,0.03510,0.17109,3.07116,-348.77427,-70.48125,
1620363444506452480,-419.04467,-10054.66692,-1457.69110,0.96871,0.17698,0.03741,0.16992,3.05945,-349.76670,-70.77604,
1620363444640329472,-418.63648,-10101.56146,-1467.18983,0.96905,0.17637,0.03740,0.16862,3.02013,-350.79015,-71.14222,
1620363444775602944,-468.45779,-10146.47229,-1478.25653,0.96485,0.19381,-0.00838,0.17727,-34.81424,-349.93326,-72.69884,
1620363444905330688,-472.97307,-10191.93435,-1487.71269,0.96483,0.19449,-0.00758,0.17667,-34.82144,-350.92440,-73.08382,
1620363445039404032,-477.65066,-10239.05150,-1497.53989,0.96517,0.19352,-0.00772,0.17591,-34.91405,-351.89686,-73.50070,
1620363445173895936,-482.34953,-10286.45449,-1507.46270,0.96539,0.19392,-0.00735,0.17427,-34.93503,-352.96995,-74.00410,
1620363445306733824,-472.46432,-10334.06052,-1517.06018,0.96783,0.18590,0.00074,0.16956,-24.09035,-354.46833,-74.09585,
1620363445441099776,-475.70607,-10381.75497,-1527.03738,0.96802,0.18722,0.00173,0.16697,-24.15061,-355.43552,-74.40711,
1620363445573788416,-478.91564,-10428.98405,-1536.94169,0.96849,0.18708,0.00139,0.16438,-24.20827,-356.44527,-74.90519,
1620363445706862848,-482.13693,-10476.48398,-1546.93935,0.96868,0.18788,0.00207,0.16233,-24.19160,-357.43803,-75.34573,
1620363445841167104,-485.38854,-10524.55952,-1557.08304,0.96872,0.18949,0.00424,0.16019,-24.25096,-358.44796,-75.69583,
1620363445974558464,-488.62955,-10572.44251,-1567.20404,0.96922,0.18910,0.00420,0.15758,-24.31443,-359.48986,-76.09221,
1620363446107910144,-491.87227,-10620.45291,-1577.38238,0.96905,0.19241,0.00469,0.15459,-24.31114,-360.54157,-76.51203,
1620363446241678592,-495.12346,-10668.74754,-1587.63955,0.96919,0.19367,0.00680,0.15202,-24.34935,-361.47586,-76.82101,
1620363446374907392,-498.36955,-10716.97681,-1597.90658,0.97006,0.19220,0.00724,0.14827,-24.37696,-362.50954,-77.34192,
1620363446508531456,-501.62475,-10765.48571,-1608.27173,0.97068,0.19253,0.00785,0.14373,-24.34070,-363.53332,-77.81650,
1620363446642362368,-504.87749,-10814.21074,-1618.71248,0.97097,0.19405,0.00987,0.13949,-24.26617,-364.59088,-78.19306,
1620363446778799872,-508.19211,-10864.02818,-1629.40491,0.97127,0.19561,0.01153,0.13507,-24.29125,-365.65365,-78.55896,
1620363446909748992,-511.37522,-10911.97758,-1639.72156,0.97169,0.19683,0.01153,0.13017,-24.28116,-366.68077,-78.99711,
1620363447043349504,-514.62132,-10961.02719,-1650.30384,0.97249,0.19610,0.01213,0.12516,-24.30324,-367.58676,-79.35687,
1620363447176579328,-517.85677,-11010.07268,-1660.92084,0.97317,0.19584,0.01302,0.12006,-24.29771,-368.68757,-79.96657,
1620363447310167808,-521.09837,-11059.39563,-1671.62993,0.97312,0.19932,0.01383,0.11450,-24.26610,-369.73831,-80.33472,
1620363447443846400,-524.34399,-11108.88575,-1682.38671,0.97375,0.19948,0.01348,0.10876,-24.32580,-370.73806,-80.64094,
1620363447577589504,-527.59465,-11158.53612,-1693.20838,0.97450,0.19953,0.01224,0.10190,-24.27490,-371.76207,-81.15981,
1620363447710758912,-530.82142,-11208.10957,-1704.04856,0.97477,0.20141,0.01354,0.09525,-24.20160,-372.78028,-81.61143,
1620363447844359936,-534.04869,-11257.97379,-1714.97511,0.97527,0.20168,0.01611,0.08900,-24.20965,-373.77095,-82.00820,
1620363447978484480,-537.28900,-11308.16659,-1726.00360,0.97609,0.20049,0.01727,0.08218,-24.15542,-374.76595,-82.49459,
1620363448110906368,-540.48870,-11357.86007,-1736.95834,0.97633,0.20211,0.01803,0.07490,-24.21374,-375.75119,-82.92587,
1620363448245396736,-543.73032,-11408.47794,-1748.14000,0.97569,0.20727,0.02030,0.06822,-24.10169,-376.92235,-83.34556,
1620363448380095232,-546.98192,-11459.30785,-1759.37067,0.97639,0.20630,0.02034,0.06077,-24.17617,-377.68477,-83.42603,
1620363448513200384,-550.20207,-11509.66487,-1770.53393,0.97742,0.20362,0.01948,0.05295,-24.20938,-378.87970,-84.25122,
1620363448645800704,-553.40372,-11559.97585,-1781.73509,0.97684,0.20767,0.02135,0.04683,-24.12484,-379.93764,-84.67084,
1620363448778729984,-556.61593,-11610.54552,-1793.00561,0.97671,0.20910,0.02386,0.04177,-24.18647,-380.93320,-84.92227,
1620363448912431360,-559.86846,-11661.54326,-1804.38863,0.97735,0.20734,0.02301,0.03573,-24.33331,-381.87955,-85.31998,
1620363449046286592,-563.13901,-11712.73084,-1815.85460,0.97799,0.20541,0.02252,0.02882,-24.47791,-382.94665,-85.99578,
1620363449180993536,-566.43581,-11764.38331,-1827.47192,0.97781,0.20699,0.02346,0.02228,-24.50281,-383.90568,-86.45449,
1620363449313750016,-569.69257,-11815.42024,-1838.97518,0.97796,0.20673,0.02475,0.01587,-24.55648,-384.94991,-86.86862,
1620363449447469568,-572.98550,-11866.96988,-1850.61862,0.97760,0.20868,0.02579,0.00925,-24.68680,-386.03623,-87.28694,
1620363449580054528,-576.26544,-11918.21842,-1862.21422,0.97740,0.20978,0.02616,0.00233,-24.82995,-387.00513,-87.68611,
1620363449713926656,-615.37997,-11965.77443,-1872.68524,0.97872,0.20478,0.01333,-0.00041,-51.84860,-384.71897,-87.16448,
1620363449847147520,-622.29743,-12017.09874,-1884.32769,0.97792,0.20834,0.01490,-0.00643,-51.96326,-385.72678,-87.56704,
1620363449981073920,-629.27192,-12068.82471,-1896.07459,0.97786,0.20826,0.01656,-0.01216,-52.16304,-386.66896,-87.87547,
